Video,Intervals mean,Distance,Frame
2_069_1.mp4,-43.54430873598748,453.6353160855094,35
2_069_1.mp4,-51.16503936978948,443.9284852315742,40
2_069_1.mp4,-47.64898769256722,461.1011277366387,45
2_069_1.mp4,-47.92243114071049,443.6363939083447,50
2_069_1.mp4,-37.97211731796026,356.01193800208443,75
2_069_1.mp4,-46.03723752808433,349.7570585420686,80
2_069_1.mp4,-37.055055777861504,325.44315939961007,85
2_069_1.mp4,-29.16232373462121,306.9596879070605,90
2_069_1.mp4,-43.902844113054,422.6538181538172,95
2_069_1.mp4,-38.85429323807633,292.98848100224006,100
2_069_1.mp4,-32.27032013960133,274.38021065667255,105
2_069_1.mp4,-25.944563058071417,258.40762372654564,110
2_069_1.mp4,-30.4745771216818,254.85780349049543,115
2_069_1.mp4,-32.333207100882504,245.6684757961428,120
2_069_1.mp4,-21.010301417385904,226.3183598385248,125
2_069_1.mp4,-17.998905268498902,217.56838005555863,130
2_069_1.mp4,-18.224691632644383,212.2103908860261,135
2_069_1.mp4,-18.13228631159137,207.0295872574739,140
2_069_1.mp4,-8.433577333728895,192.27584351654787,145
2_069_1.mp4,-9.135640262069517,190.87692369692047,150
2_069_1.mp4,-10.752183018542665,188.5125990484456,155
2_069_1.mp4,-6.671410546446858,183.4972751841291,160
2_069_1.mp4,-0.0515893655713252,180.0444389588304,165
2_069_1.mp4,6.37630280985776,175.8443914374297,170
2_069_1.mp4,8.900664366748828,176.70667785910072,175
2_069_1.mp4,20.14118366670358,169.85876486069242,180
2_069_1.mp4,21.291964193912964,175.9147520817967,185
2_069_1.mp4,12.440989307927529,190.79046097748176,190
2_069_1.mp4,15.273753238759358,193.21490625725545,195
2_069_1.mp4,19.22887242982308,196.3829167723099,200
2_069_1.mp4,23.388510752231863,201.91891937111788,205
2_069_1.mp4,-10.833680384062731,154.19225012950554,210
2_069_1.mp4,26.820897049272443,214.6002096923486,215
2_069_1.mp4,31.560962676062093,221.09556757203435,220
2_069_1.mp4,31.29781006760277,232.0861908860585,225
2_069_1.mp4,25.5369749209462,248.16929705344293,230
2_069_1.mp4,33.954550267951376,259.2778432492835,240
2_069_1.mp4,27.25220042684096,276.2630087434798,245
2_069_1.mp4,27.746918083396785,286.2254356272342,250
2_069_1.mp4,27.43274418836824,295.28376182919374,255
2_069_1.mp4,32.951787952194145,301.4962686336267,260
2_069_1.mp4,28.93056616873072,317.040218268913,265
2_069_1.mp4,27.38865548032025,157.74108532655657,270
2_069_1.mp4,26.343653936773627,167.6573887426379,275
2_069_1.mp4,36.77692239888143,342.1202274055131,280
2_069_1.mp4,-45.10670444992805,971.0872772310428,285
2_069_1.mp4,-70.33642796644145,971.0027033947948,290
2_069_1.mp4,-80.74966487540098,957.1793196679502,295
2_069_1.mp4,-59.67432173649901,906.5215110519993,300
2_069_1.mp4,-84.2029823845985,907.5198344939904,305
2_069_1.mp4,-87.28711281001816,884.2766818140124,310
2_069_1.mp4,-74.28422823457812,839.0819387878636,315
2_069_1.mp4,-81.1546819386315,820.2141488660142,320
2_069_1.mp4,-76.29310704713332,785.1581050973109,325
2_069_1.mp4,-82.75384489611481,763.4836278532763,330
2_069_1.mp4,-99.27061503289512,743.356240304741,335
2_069_1.mp4,-97.001695219387,701.1449564818961,340
2_069_1.mp4,-117.61166065801886,680.0295949442201,345
2_069_1.mp4,-127.8809792354267,644.4412308348993,350
2_069_1.mp4,-148.32394910239842,616.3264151405488,355
2_069_1.mp4,-142.50641739721826,561.6504695983081,360
2_069_1.mp4,-137.23995087621483,512.7050809188456,365
2_069_1.mp4,-131.42157471714225,460.8863742832934,370
2_069_1.mp4,-127.5321747633318,409.9560952102066,375
2_069_1.mp4,-117.00589561871271,357.24641355792505,380
2_069_1.mp4,-115.6735024361112,315.7819659195249,385
2_069_1.mp4,-126.3869961237834,285.8399902043099,390
2_069_1.mp4,-129.9567202436244,238.27137889389903,395
2_069_1.mp4,-110.6599094342686,184.9357996711291,400
2_069_1.mp4,-101.94754838000708,149.80403866384913,405
2_069_1.mp4,-86.60712218372832,113.06303551559192,410
2_069_1.mp4,-61.82430669210278,72.12835780745324,415
2_069_1.mp4,-34.54455862523423,40.30198506277327,420
2_069_1.mp4,-30.173985281283315,35.20298282816387,430
2_069_1.mp4,-48.16235298340353,56.18941181397079,435
2_069_1.mp4,61.26828416542608,100.4116527102308,440
2_069_1.mp4,67.8695155842435,108.90362712049586,445
2_069_1.mp4,30.68772343246232,163.93672559862844,450
2_069_1.mp4,11.120656358405984,187.34059891011344,455
2_069_1.mp4,11.348501025288511,188.59016411255388,460
2_069_1.mp4,10.624910764008494,191.28839483878787,465
2_069_1.mp4,7.982505920116836,198.67624417629804,470
2_069_1.mp4,-10.408750517621192,216.2695077906268,475
2_069_1.mp4,-5.6954716865320405,203.531938525628,480
2_069_1.mp4,-5.80142729573246,200.60720326050108,485
2_069_1.mp4,-10.570914139941364,201.5099253138664,490
2_069_1.mp4,-25.864938941409925,213.008215803992,495
2_069_1.mp4,-25.421645519498743,203.0492551082126,500
2_069_1.mp4,-14.026564003745042,181.57436493073573,505
2_069_1.mp4,-23.211068759543288,181.9457336680363,510
2_069_1.mp4,-28.160608038398045,177.74279169631606,515
2_069_1.mp4,-35.78437593679572,176.3412884153907,520
2_069_1.mp4,-29.58332194958222,161.3699166511528,525
2_069_1.mp4,-23.122791227521983,146.93025556365168,530
2_069_1.mp4,-13.980121661345226,133.40633418245176,535
2_069_1.mp4,-5.534181508213733,125.64234954823156,540
2_069_1.mp4,1.5736361664042988,120.10412149464314,545
2_069_1.mp4,21.736234978063464,111.5212984142491,555
2_069_1.mp4,23.99566952704697,113.8913956363693,560
2_069_1.mp4,18.070590740238607,126.03570922560004,565
2_069_1.mp4,17.291669244817566,131.33259306051946,570
2_069_1.mp4,15.307099151254858,137.5445382412548,575
2_069_1.mp4,0.8232464251812814,156.23859958409764,580
2_069_1.mp4,-12.81487735449704,1037.7539448250727,585
2_069_1.mp4,-11.226311176687544,1032.7354453101725,590
2_069_1.mp4,26.31424335426092,1019.8708251538524,645
2_069_1.mp4,26.29745535967176,1029.7681777953717,650
2_069_1.mp4,23.415166541856024,1040.7541736644637,655
2_069_1.mp4,27.48430140609886,1130.1682396882334,700
2_069_1.mp4,25.570378022752493,1140.7318922516367,705
2_069_1.mp4,23.72020665505527,1149.271943449417,710
2_069_1.mp4,-16.36005904439674,37.20215047547655,745
2_069_1.mp4,-21.879051722524444,37.406550228536176,750
1_082_1.mp4,-22.088851596416777,322.3577205528045,35
1_082_1.mp4,-17.177467841980768,313.512758911021,40
1_082_1.mp4,-12.68673214248138,304.1710045352778,45
1_082_1.mp4,-7.744673359865844,296.1507217617408,50
1_082_1.mp4,-8.166108978380455,291.3833385765219,55
1_082_1.mp4,-10.48826997097325,287.153269178674,60
1_082_1.mp4,-24.402756317032303,290.9879722600231,65
1_082_1.mp4,-30.9442910394846,285.27180021866866,70
1_082_1.mp4,-47.88862411489028,283.94761840874804,75
1_082_1.mp4,-53.745763114714045,271.8883042721772,80
1_082_1.mp4,-55.51759344109394,258.70301505780714,85
1_082_1.mp4,-51.14637089933761,237.64890069175576,90
1_082_1.mp4,-41.51186697933466,221.4164628025658,95
1_082_1.mp4,-15.02422290195033,189.4043294119752,100
1_082_1.mp4,-1.2183553089326884,173.9683879329805,105
1_082_1.mp4,3.866404373713254,170.57842770995398,110
1_082_1.mp4,22.3645564904752,156.250599998848,115
1_082_1.mp4,18.643108355012576,173.85698145314728,120
1_082_1.mp4,28.01095214238409,178.30100953163446,125
1_082_1.mp4,42.55364668720646,178.14741087088524,130
1_082_1.mp4,58.15390761001954,181.98969751060085,135
1_082_1.mp4,-34.07903462203044,426.5231529471759,140
1_082_1.mp4,-28.59689536575149,409.4539046095421,145
1_082_1.mp4,-22.569269110946948,393.01717519721706,150
1_082_1.mp4,-11.383500357083912,378.016203356417,155
1_082_1.mp4,2.65951515755724,376.5717063189958,160
1_082_1.mp4,10.371518327252812,381.7633429233352,165
1_082_1.mp4,46.65196501419433,363.5883661505137,170
1_082_1.mp4,65.89425686758423,350.08927432870604,175
1_082_1.mp4,76.50257418563108,358.200013958682,180
1_082_1.mp4,46.54521269431357,412.2029233278192,185
1_082_1.mp4,33.40292244642071,439.55005403252994,190
1_082_1.mp4,11.315146528787238,474.0258431773525,195
1_082_1.mp4,161.48229689613007,537.2627383320008,200
1_082_1.mp4,53.06601515263377,460.0154888696684,205
1_082_1.mp4,167.8246424781444,649.6955056024321,210
1_082_1.mp4,36.816237133772056,502.4519877560442,215
1_082_1.mp4,41.13409266597877,514.3590671894489,220
1_082_1.mp4,42.49890774201348,532.4896712613306,225
1_082_1.mp4,189.48689130783947,880.1194521199949,230
1_082_1.mp4,181.53327920529608,955.7418584534216,235
1_082_1.mp4,169.64899474316695,1030.897182070065,240
1_082_1.mp4,46.11478996673668,550.7267925205746,245
1_082_1.mp4,165.83172150155866,620.519943273381,250
1_082_1.mp4,-32.98566649460939,589.3566407532878,255
1_082_1.mp4,186.7847496170532,724.5683197601176,260
1_082_1.mp4,-139.39219260113117,609.9911884609481,265
1_082_1.mp4,-197.5762817541233,611.3239730290314,270
1_082_1.mp4,210.3700185955872,918.912536643178,275
1_082_1.mp4,204.7907152676332,999.0676903994045,280
4_108_1.mp4,7.057767358674618,113.46034549568408,35
4_108_1.mp4,4.785172100380856,71.36000280269053,40
4_108_1.mp4,8.762178422900634,67.79564882792995,45
4_108_1.mp4,-3.715047317728365,84.25704718301016,50
4_108_1.mp4,-1.7778351277038584,81.94662897276496,55
4_108_1.mp4,-9.657243331501787,54.230987451824994,60
4_108_1.mp4,-21.68658700696581,53.33854141237835,65
4_108_1.mp4,2.394177647114018,79.55658363705672,70
4_108_1.mp4,16.858403394932242,68.94381770688362,75
4_108_1.mp4,3.080727594104037,79.11068195888593,80
4_108_1.mp4,-4.098454462486883,83.64358911476718,85
4_108_1.mp4,-11.689703539239629,86.44362324659929,90
4_108_1.mp4,34.75561597234903,91.68560410446123,95
4_108_1.mp4,37.76649270393996,100.47138896223144,100
4_108_1.mp4,-23.35528191590427,78.94460082868238,105
4_108_1.mp4,-31.32739617852588,69.7656792413003,110
4_108_1.mp4,-31.46362441393712,59.935381870811504,115
4_108_1.mp4,-34.79875741960127,54.70831746635972,120
4_108_1.mp4,-31.45186661661324,43.54595273960601,125
4_108_1.mp4,-35.23941438972294,41.11265012134343,130
4_108_1.mp4,19.797516323303096,66.37017402418047,135
4_108_1.mp4,14.390788638281991,39.13118960624632,140
4_108_1.mp4,14.042967766871522,46.52418725781247,145
4_108_1.mp4,17.956163317208176,48.56439024635232,150
4_108_1.mp4,24.60304463070782,51.451433410547466,155
4_108_1.mp4,25.25518655897031,59.34854673873658,160
4_108_1.mp4,30.37760616045584,64.8170502260015,165
4_108_1.mp4,32.57902157193128,76.63223864666881,170
4_108_1.mp4,47.13846687993232,116.76472069936192,175
4_108_1.mp4,58.91581269696752,129.65338406690356,180
4_108_1.mp4,91.41662273340124,132.5990196042188,185
4_108_1.mp4,108.27227537990385,119.28118040998756,190
4_108_1.mp4,134.50467754931316,141.10722873049417,195
4_108_1.mp4,143.52176396437426,183.68587316394257,200
4_108_1.mp4,150.24341708218796,209.8809186181536,205
4_108_1.mp4,112.67928087718757,270.5351178682723,210
4_108_1.mp4,59.16170168924173,334.1919358691948,215
4_108_1.mp4,-4.9780767047446375,394.941134854297,220
4_108_1.mp4,-81.55414887655195,448.6092397621788,225
4_108_1.mp4,96.97565610637062,175.96164354767774,230
4_108_1.mp4,113.71011506312834,202.6283543830922,235
4_108_1.mp4,137.03283019694842,232.9254172476675,240
4_108_1.mp4,176.88190867437987,257.332955526493,245
4_108_1.mp4,168.9069032016755,313.00359422856474,250
4_108_1.mp4,157.57643205284558,364.3545663224217,255
4_108_1.mp4,132.53240931017444,422.0621992076523,260
4_108_1.mp4,78.80880552675195,500.0144997897561,265
4_108_1.mp4,0.7042773522696117,591.3681171656111,270
4_108_1.mp4,-2.069484160961553,36.74914965002592,275
4_108_1.mp4,-3.799865749314464,37.606515392947536,280
4_108_1.mp4,-3.4800799607057264,35.64056677439347,285
4_108_1.mp4,-4.008320744523988,34.121107836645635,290
4_108_1.mp4,-11.76978562668268,33.425289826716536,295
4_108_1.mp4,-15.72705167514353,32.60751447136074,300
4_108_1.mp4,-19.40053015851812,31.6227766016838,305
4_108_1.mp4,-21.148369163867603,28.853076092507017,310
4_108_1.mp4,-21.497033492544777,25.079872407968907,315
4_107_1.mp4,16.272899447947854,92.76987657639737,35
4_107_1.mp4,20.775643835366697,94.73779604782877,40
4_107_1.mp4,15.49169277354557,105.35891039679558,45
4_107_1.mp4,20.614509026838512,110.11471291339772,50
4_107_1.mp4,25.4571679444554,113.3181362359971,55
4_107_1.mp4,23.67654319919981,123.5,60
4_107_1.mp4,23.613157248798107,130.78226179417453,65
4_107_1.mp4,-0.628185156962307,250.3407677546748,70
4_107_1.mp4,-0.1663224989782098,249.7218452598811,75
4_107_1.mp4,15.051135820866714,159.70597985047397,80
4_107_1.mp4,12.615820201363665,165.9163946088511,85
4_107_1.mp4,-0.530667566365139,249.8604610577672,90
4_107_1.mp4,0.1372846751066358,249.24134889700787,95
4_107_1.mp4,0.28539979555107,249.24134889700787,100
4_107_1.mp4,0.2003738297753605,249.24134889700787,105
4_107_1.mp4,0.3085320049629477,249.24134889700787,110
4_107_1.mp4,0.3282405489627454,249.24134889700787,115
4_107_1.mp4,0.0648203162225716,249.7218452598811,120
4_107_1.mp4,-0.2905867253168545,250.0,125
4_107_1.mp4,0.1205284008628219,249.3230835682889,130
4_107_1.mp4,-0.3568366874423979,249.66076984580496,135
4_107_1.mp4,-0.027339276663164,249.5200392754057,140
4_107_1.mp4,-0.6881009215589943,250.14046054167247,145
4_107_1.mp4,-0.1997784687691738,249.66076984580496,150
4_107_1.mp4,0.4921749730987211,248.90008035354268,155
4_107_1.mp4,0.721005657747546,248.6227061231536,160
4_107_1.mp4,-0.2619651415831266,249.8024219258092,165
4_107_1.mp4,-0.0598678700121045,249.5200392754057,170
4_107_1.mp4,-0.3803171522718936,249.8604610577672,175
4_107_1.mp4,-0.1284720533083024,249.5200392754057,180
4_107_1.mp4,-13.53824578274384,129.60902746336768,185
4_107_1.mp4,-15.251349978350186,126.51580928879996,190
4_107_1.mp4,-13.344212255599418,119.9208072020865,195
4_107_1.mp4,-13.373900634172058,114.54256850621084,200
4_107_1.mp4,-13.880479404268645,110.28259155460576,205
4_107_1.mp4,-13.922068190185062,105.81233387464808,210
4_107_1.mp4,-14.115959663186048,100.88855237339864,215
4_107_1.mp4,-15.22369019387877,97.29465555722986,220
4_107_1.mp4,-13.506273770162055,89.6799866190891,225
4_107_1.mp4,-15.123518624943715,85.42833253669417,230
4_107_1.mp4,-17.901194233876513,82.06399941509066,235
4_107_1.mp4,-30.63957914621858,76.02631123499285,240
4_107_1.mp4,-37.4759056064052,72.00173609018049,245
4_107_1.mp4,-39.76794383804297,64.00781202322104,250
4_107_1.mp4,-41.20685800203334,56.302753041036986,255
4_107_1.mp4,-42.31586762741873,49.36851223198852,260
4_107_1.mp4,5.068836345790516,130.1623985642551,265
4_107_1.mp4,-5.552753671428057,46.5966737010272,270
4_107_1.mp4,-2.065069561926399,41.90763653560053,275
4_107_1.mp4,-0.1542625353877369,40.22437072223753,280
4_107_1.mp4,-1.480874528628471,41.188590653237945,285
4_107_1.mp4,-2.449276582150312,41.33098111586513,290
4_107_1.mp4,1.1452693324421372,38.02959373961284,295
4_107_1.mp4,2.074431642558277,38.108398024582456,300
4_107_1.mp4,-0.675821188593461,40.80441152620633,305
4_107_1.mp4,-0.2292317029856434,39.24601890638081,310
4_107_1.mp4,2.9814845813840387,37.32626421167808,315
4_107_1.mp4,0.7324698227438761,40.35467754796215,320
4_107_1.mp4,-1.956129516847048,42.72001872658765,325
4_107_1.mp4,-1.065423805625862,40.22437072223753,330
4_107_1.mp4,3.516095768469889,36.62308015445998,335
4_107_1.mp4,-1.1756133275006693,42.45291509425472,340
4_107_1.mp4,-1.573956922735512,42.61748467472007,345
4_107_1.mp4,-0.0578424188314942,40.35467754796215,350
4_107_1.mp4,5.225863748278519,35.92005011132362,355
4_107_1.mp4,0.8337044197436866,41.50301193889427,360
4_107_1.mp4,0.5465421644287757,43.04648650006177,365
4_107_1.mp4,3.053074064128644,41.93149174546501,370
4_107_1.mp4,6.334921977712248,39.66106403010388,375
4_107_1.mp4,5.690765582995406,42.97964634568321,380
4_107_1.mp4,7.376693281670279,43.61765697512877,385
4_107_1.mp4,5.158214078286996,46.95742752749558,390
4_107_1.mp4,2.895537112621902,49.87233702163956,395
4_107_1.mp4,1.422305408927063,49.441885077330944,400
4_107_1.mp4,-5.408383722334577,203.31810052230963,405
4_107_1.mp4,-7.36005672208615,200.50062344042723,410
4_107_1.mp4,-8.731749022023624,54.02314318882232,415
4_107_1.mp4,-11.94304634473713,199.16136673561968,420
4_107_1.mp4,-7.186408697348627,44.65982534672521,425
4_107_1.mp4,-4.619286085653816,40.11545836706842,430
4_107_1.mp4,-16.360627212912977,226.7801799099736,435
4_107_1.mp4,-5.771297340418848,40.02811511925087,440
4_107_1.mp4,2.7041235634141096,31.196954979613,445
4_107_1.mp4,-178.03190528084406,439.8664570071239,450
4_107_1.mp4,-161.6313827626976,377.063986612352,455
4_107_1.mp4,-110.65073239078856,286.0616192361359,460
4_107_1.mp4,-77.75841922398126,228.16003155680005,465
4_107_1.mp4,-52.55549324052768,182.78539328950768,470
4_107_1.mp4,-42.715649652845016,159.45218719101973,475
4_107_1.mp4,-144.76775163713768,351.6706555855919,480
4_107_1.mp4,-131.11662956099232,295.4970389022536,485
4_107_1.mp4,-100.58685195776708,227.00495589303773,490
4_107_1.mp4,-107.53109708769202,193.2795902313537,495
4_107_1.mp4,-88.34239764229135,146.47952075290252,500
4_107_1.mp4,-79.982805848252,117.19428313701997,505
4_107_1.mp4,-65.13430139550853,85.60373823613078,510
4_107_1.mp4,-49.44198826990712,57.68231964822497,515
4_107_1.mp4,-34.343396561461994,169.53170794869024,520
4_107_1.mp4,-17.939103676468907,146.4189195425236,525
4_107_1.mp4,-29.02557255979141,72.5275809606249,530
4_107_1.mp4,-2.117255762088844,131.77347988119612,535
4_107_1.mp4,-18.8119915070654,40.92065493122025,540
4_107_1.mp4,-29.270099521640173,45.53295509847785,545
4_107_1.mp4,-25.529952271561225,35.28809997718778,550
4_107_1.mp4,-28.301943396169808,33.01893396219811,555
4_107_1.mp4,7.118117895786668,142.61223650164106,560
4_107_1.mp4,8.699681451390546,142.88544362530425,565
4_107_1.mp4,2.959974131407872,148.9874155759472,570
4_107_1.mp4,0.05002940564259,80.60397012554654,575
4_107_1.mp4,-0.5474921356582294,153.50977167594252,580
4_107_1.mp4,2.4226790795428736,17.528548142958105,585
4_107_1.mp4,-5.172439772334786,20.0,590
4_107_1.mp4,-8.626912553523622,20.59732992404598,595
4_107_1.mp4,-13.824848096965663,22.85278976405288,600
4_107_1.mp4,-7.4686202452312545,151.52970005909734,605
4_107_1.mp4,-7.132997839770915,150.0,610
4_107_1.mp4,-3.578620479259651,146.12323566086263,615
4_107_1.mp4,2.604566793665299,141.0319112825179,620
4_107_1.mp4,5.404668575463126,92.47296902338542,625
4_107_1.mp4,9.064372556183152,139.17614738165446,630
4_107_1.mp4,-11.037441504603052,19.72941965694886,635
4_107_1.mp4,-14.844859725176116,20.71834935510066,640
4_107_1.mp4,-17.482352618032404,20.39607805437113,645
4_107_1.mp4,10.938218408891863,151.79344518127257,650
4_107_1.mp4,8.971484771280984,155.98477489806498,655
4_107_1.mp4,-13.997205698188862,19.72941965694886,660
4_107_1.mp4,-17.482352618032404,20.39607805437113,665
4_107_1.mp4,-9.92179185377859,21.64486082191336,675
4_107_1.mp4,-12.961876888113466,21.592822881689184,680
4_107_1.mp4,-14.60938736026911,20.155644370746373,685
4_107_1.mp4,-16.001275459366692,18.66815470259447,690
4_107_1.mp4,0.0919793905471075,116.17443780797907,710
4_107_1.mp4,-1.427729946560979,117.66584041258534,715
4_107_1.mp4,1.1254170703048954,114.48253141855312,725
4_107_1.mp4,0.7877514034658815,18.110770276274835,730
4_107_1.mp4,-5.389816083610809,19.1049731745428,735
4_107_1.mp4,-8.61642057505821,19.60229578391266,740
4_107_1.mp4,-11.914204002517712,20.09975124224178,745
4_114_1.mp4,7.66497862942809,699.9116015612258,35
4_114_1.mp4,6.684901860186366,666.8673031420868,40
4_114_1.mp4,7.02079655284969,706.3584430018516,45
4_114_1.mp4,9.58478868929186,669.8134068529832,50
4_114_1.mp4,8.735022496861786,673.6907673406249,55
4_114_1.mp4,10.266969846932495,712.2150307315902,60
4_114_1.mp4,11.065711943999434,715.2658596633842,65
4_114_1.mp4,10.021588403793883,683.1811619182719,70
4_114_1.mp4,11.50179924077606,686.0921949709092,75
4_114_1.mp4,12.73702448893682,688.5493809451868,80
4_114_1.mp4,12.715516760952273,729.1867044865808,85
4_114_1.mp4,13.559856081478724,734.1743662100986,90
4_114_1.mp4,11.578876684899765,703.962001815439,95
4_114_1.mp4,10.538429768908909,708.9409354805236,100
4_114_1.mp4,11.614240740563009,710.4400045042509,105
4_114_1.mp4,10.813220812269622,750.0734963988529,110
4_114_1.mp4,7.179773654773271,760.0421040968718,115
4_114_1.mp4,11.490840745568171,759.0871162126255,120
4_114_1.mp4,10.72453452533073,763.6283454665627,125
4_114_1.mp4,7.280468793051098,779.5194032222674,140
4_114_1.mp4,8.201169205363628,781.5270308824897,145
4_114_1.mp4,8.77827207844057,783.5193041655068,150
4_114_1.mp4,7.215039641472962,787.0101651185962,155
4_114_1.mp4,6.004372698503029,790.0077531265121,160
4_114_1.mp4,4.0769621274229495,793.0077237959288,165
4_114_1.mp4,1.1445398534873448,796.51271176297,170
4_114_1.mp4,0.2194911950055841,798.0126878690589,175
4_114_1.mp4,0.7106505623242317,39.05444917035702,195
4_114_1.mp4,-19.30219442487971,799.0264388616937,200
4_114_1.mp4,-22.72863918347665,795.0226411870293,205
4_114_1.mp4,-25.85818414253816,788.5057070180279,210
4_114_1.mp4,-26.714638205796422,778.5040141193879,215
4_114_1.mp4,-30.433344141701145,769.0079648482192,220
4_114_1.mp4,-39.06965389381766,764.0014725116699,225
4_114_1.mp4,11.540550333198068,26.542418879974,230
4_114_1.mp4,5.51390103703187,33.094561486745825,235
4_114_1.mp4,-1.0533644662767103,37.83186487605389,240
4_114_1.mp4,-18.199415888638267,45.63441683641854,245
4_114_1.mp4,-23.561723870434548,44.477522413012174,250
4_114_1.mp4,-24.93813323070983,39.5,255
4_114_1.mp4,-25.941426400673688,34.860436027106715,260
4_114_1.mp4,-23.63368402107812,27.572631357924475,265
4_114_1.mp4,-21.77294707865235,25.40177159176108,270
4_114_1.mp4,7.3090025201189235,28.71410803072246,275
4_114_1.mp4,7.010404638529118,31.32491021535417,280
4_114_1.mp4,-47.55905867713883,610.311600741785,285
4_114_1.mp4,-48.07658352454023,593.9454941322477,290
4_114_1.mp4,-47.47224562628747,577.5199130765968,295
4_114_1.mp4,-46.55871012548334,560.0361595468636,300
4_114_1.mp4,4.515421116901796,43.846322536787504,305
4_114_1.mp4,3.1403083622345704,46.63153439465616,310
4_114_1.mp4,2.1913806331841275,48.08846015417837,315
4_114_1.mp4,1.4617116865885345,46.63153439465616,320
4_114_1.mp4,-6.147379797369212,50.15974481593781,325
4_114_1.mp4,-18.172558442785,463.3772760936816,330
4_114_1.mp4,-29.426337296174182,499.676895603549,335
4_114_1.mp4,-28.618272102645488,489.74483151943525,340
4_114_1.mp4,-29.49496023643238,480.7871150519739,345
4_114_1.mp4,-13.100485704304422,413.6632084196031,350
4_114_1.mp4,-21.49349452065773,458.325757513147,355
3_096_1.mp4,9.670912211334684,112.0446339634344,35
3_096_1.mp4,6.213248479654025,117.60633486339076,40
3_096_1.mp4,7.965156586500683,119.24030358901304,45
3_096_1.mp4,1.5825152033885124,122.00409829181967,50
3_096_1.mp4,-10.842848337079475,123.70327400679416,55
3_096_1.mp4,-5.365252128757041,128.70508925446578,60
3_096_1.mp4,0.0730668235204084,127.738991697915,65
3_096_1.mp4,5.010755436685691,134.52323219429422,70
3_096_1.mp4,42.04832930402279,114.21580451058426,75
3_096_1.mp4,36.83799471387892,660.1350240670464,80
3_096_1.mp4,54.4777968160803,659.6114386515746,85
3_096_1.mp4,108.29164216596232,149.41218156495808,90
3_096_1.mp4,99.48115064882867,179.60233851484227,95
3_096_1.mp4,98.61364826797556,215.6182969972632,100
3_096_1.mp4,93.03078619126852,257.84346026222966,105
3_096_1.mp4,72.97370783678808,306.66634963751727,110
3_096_1.mp4,61.00007508443059,347.39206956981616,115
3_096_1.mp4,101.76127672774894,323.230954582014,120
3_096_1.mp4,69.00963958681476,374.4362429039155,125
3_096_1.mp4,24.69955187869252,423.2753241094973,130
3_096_1.mp4,-8.638856115426595,441.2397307586886,135
3_096_1.mp4,-57.09483103980565,474.5853453278978,140
3_096_1.mp4,-71.80962199655909,469.0890107431637,145
3_096_1.mp4,-91.40469267442974,460.7477617959744,150
3_096_1.mp4,-96.0523070968468,433.4434795910535,155
3_096_1.mp4,-65.28623913838007,374.550397143028,160
3_096_1.mp4,-63.957656898681456,355.00880270776383,165
3_096_1.mp4,-72.06893161613743,344.0581346226245,170
3_096_1.mp4,-54.19632867741065,308.7964539951843,175
3_096_1.mp4,-28.07870241375915,272.94046969989625,180
3_096_1.mp4,-14.737860647579351,254.7474239320194,185
3_096_1.mp4,-12.964616955695428,250.90336785304416,190
3_096_1.mp4,0.8223467862415694,236.2392854713204,195
3_096_1.mp4,10.456486748930214,229.2869381364756,200
3_096_1.mp4,3.800363342462264,234.957442955102,205
3_096_1.mp4,-0.1166504657779999,236.9662423215593,210
3_096_1.mp4,-0.579325794498463,238.60898977196985,215
3_096_1.mp4,-0.8288728193826671,241.6862635732532,220
3_096_1.mp4,-6.231944610266388,248.3490487197404,225
3_096_1.mp4,-6.953392683130224,237.42630435568844,230
3_096_1.mp4,-16.483429496931116,243.33772827081296,235
3_096_1.mp4,-62.62946132011435,482.3992122713303,240
3_096_1.mp4,-59.15612314484471,452.8338547414493,245
3_096_1.mp4,-64.36269801981882,433.0138565912181,250
3_096_1.mp4,-39.81000515678331,226.41168256077248,255
3_096_1.mp4,-97.53082358849296,407.66561051920974,260
3_096_1.mp4,46.99255723465768,285.98470238808227,265
3_096_1.mp4,-75.57583479447453,329.7309509281772,270
3_096_1.mp4,-74.13388928194063,303.6893972465947,275
3_096_1.mp4,-69.54725278466829,272.7072606294156,280
3_096_1.mp4,-67.90309457519437,248.72173206215817,285
3_096_1.mp4,-63.56669918521329,223.1753794664636,290
3_096_1.mp4,-67.43554049960306,200.5305463015548,295
3_096_1.mp4,-63.43250783203126,179.03212002319583,300
3_096_1.mp4,-49.96873925059363,148.97650821522163,305
3_096_1.mp4,-32.99370729149555,45.51098768429444,310
3_096_1.mp4,-5.463957955157771,76.8846538653846,315
3_096_1.mp4,-6.238389772138191,77.01460900374681,320
3_096_1.mp4,-8.960223993256694,77.53870001489578,325
3_096_1.mp4,-3.020050506498708,70.21395872616783,330
3_096_1.mp4,-2.2905405206743694,68.48539990392113,335
3_096_1.mp4,0.5954813154771342,64.90377492873584,340
3_096_1.mp4,-4.06057554625218,68.63854602189647,345
3_096_1.mp4,-4.35528062918163,65.13447627792827,350
3_096_1.mp4,-8.252156657179734,66.49060083951716,355
3_096_1.mp4,-9.61831608517906,64.85560885536424,360
3_096_1.mp4,-12.33228223535274,64.23589339302443,365
3_096_1.mp4,-11.679029409094444,61.34533397088975,370
3_096_1.mp4,-1.7489005632630008,144.38576799671085,375
3_096_1.mp4,-7.098216729024959,147.48050718654312,380
3_096_1.mp4,-27.09648610800756,206.97403218761528,385
3_096_1.mp4,5.727581318549439,44.51123453691214,390
3_096_1.mp4,4.496057326960291,46.54299087940095,395
3_096_1.mp4,9.84274905185887,333.5813244173001,400
3_096_1.mp4,-0.0163348153035432,54.55730931781735,405
3_096_1.mp4,4.648396048666027,52.03844732503075,410
3_096_1.mp4,7.958698193438072,52.009614495783374,415
3_096_1.mp4,10.849200949818387,51.06123774449656,420
3_096_1.mp4,8.052237788366016,55.08175741568164,425
3_096_1.mp4,7.393657914367893,58.51922760939348,430
3_096_1.mp4,1.3612310317934242,64.04880951274582,435
3_096_1.mp4,-4.8068568730582815,69.52877102322462,440
3_096_1.mp4,-5.113362658670735,67.56663377733125,445
1_073_1.mp4,9.054552901713398,330.55445844822606,175
1_073_1.mp4,58.96130629595127,290.0969665473943,180
1_073_1.mp4,-46.60891576114597,184.40783605910028,190
1_073_1.mp4,-5.460233079642494,144.95947709618713,195
1_073_1.mp4,54.38083372430309,94.7008447691994,200
1_073_1.mp4,-64.14985644280627,74.84149918327398,210
1_073_1.mp4,-91.84636684181262,107.15409464878138,215
1_073_1.mp4,164.52141777094008,172.57244855422317,220
1_073_1.mp4,145.5031681448705,238.4365743756608,225
1_073_1.mp4,145.59621448388353,288.8533364875677,230
1_073_1.mp4,108.89462722575344,368.97865791939785,235
1_073_1.mp4,147.9014392973852,383.5977711092701,240
1_073_1.mp4,134.8715245458054,453.6091379150116,245
1_073_1.mp4,-79.57687612146579,718.2424729852726,270
3_091_1.mp4,-0.5043109609034714,237.5678850349937,35
3_091_1.mp4,-3.1235360842218785,238.56340876169588,40
3_091_1.mp4,0.3065690503510073,612.6175397423747,45
3_091_1.mp4,-10.05029872281156,240.69950145357592,50
3_091_1.mp4,-7.981383823738014,236.17207709634093,55
3_091_1.mp4,-9.593412380554703,235.1276249188938,60
3_091_1.mp4,-11.858456931842008,614.4688763476959,65
3_091_1.mp4,-9.558915574664898,607.4942386558082,70
3_091_1.mp4,-7.604740710208278,601.9206758369412,75
3_091_1.mp4,-8.750101777653867,599.3337968110926,80
3_091_1.mp4,-15.25422832028229,601.3162645397178,85
3_091_1.mp4,-17.133877712620055,596.8695418598606,90
3_091_1.mp4,-17.454671073245777,207.43975028909,95
3_091_1.mp4,-17.841564487432006,585.7324474536134,100
3_091_1.mp4,-19.46305875889332,580.7637213187477,105
3_091_1.mp4,-19.81048602119976,574.222953215909,110
3_091_1.mp4,-0.2941001900684504,384.0159501895722,115
3_091_1.mp4,-16.944044157317908,557.6085096194282,120
3_091_1.mp4,-22.64072236022785,555.6406212652203,125
3_091_1.mp4,-22.213630824646025,547.6207629372722,130
3_091_1.mp4,-22.979392371271903,540.083558350002,135
3_091_1.mp4,-25.62624340796619,533.5759083766808,140
3_091_1.mp4,2.1197231515324853,388.1162841211381,145
3_091_1.mp4,-29.38299674875461,129.5038609463054,150
3_091_1.mp4,-26.615670857910825,119.00420160649792,155
3_091_1.mp4,-4.045940478576248,392.0051020076142,160
3_091_1.mp4,-7.051572030957159,93.53341648844012,165
3_091_1.mp4,-1.6840884780482384,90.53452380169678,170
3_091_1.mp4,3.454056101466997,139.5600229292042,175
3_091_1.mp4,19.299300105061683,78.00160254764,180
3_091_1.mp4,9.284858424951691,229.5833182093159,185
3_091_1.mp4,6.393880884243596,237.4010320112362,190
3_091_1.mp4,2.7234216699712426,243.5615938525613,195
3_091_1.mp4,14.654716607811393,237.37575697614952,200
3_091_1.mp4,17.547353778100234,240.9112907275207,205
3_091_1.mp4,21.318700763243644,241.6221223315448,210
3_091_1.mp4,-19.54353480776036,123.95664564677442,215
3_091_1.mp4,-4.993734855724589,461.6454267075544,220
3_091_1.mp4,-21.54163773221548,107.83784122468327,225
3_091_1.mp4,43.389090198124464,178.8581840453492,230
3_091_1.mp4,-17.753162954328182,95.99088498394,235
3_091_1.mp4,-12.63273083614249,90.13878188659972,240
3_091_1.mp4,2.8930084519295565,72.66532873386042,245
3_091_1.mp4,14.15338776059276,66.09841147864296,250
3_091_1.mp4,15.916385474879688,70.2157389763862,255
3_091_1.mp4,65.86124825798956,360.0888779176608,260
3_091_1.mp4,62.755021790783815,293.7452127269481,265
3_091_1.mp4,62.15635028984798,514.9699020331188,270
3_091_1.mp4,59.25788945043089,337.12015662075146,275
3_091_1.mp4,85.81368489211393,537.9707241105226,280
3_091_1.mp4,41.4861136561906,127.88275880665071,285
3_091_1.mp4,96.53959927399808,545.5284135588173,290
3_091_1.mp4,73.6598236927221,590.7057219970025,295
3_091_1.mp4,34.01294626845985,646.7451198115066,300
3_091_1.mp4,90.3321753340836,476.34021455258215,305
3_091_1.mp4,84.59247397531533,285.82949462922824,310
3_091_1.mp4,21.355093932058644,342.23749064063685,315
3_091_1.mp4,62.76695681816201,967.7841959858612,320
3_091_1.mp4,151.80653160682226,596.46311704916,325
3_091_1.mp4,158.1697390058333,647.8157531273843,330
3_091_1.mp4,1.8625517338900457,45.348649373492925,335
3_091_1.mp4,1.2960841475967158,46.82413907377262,340
3_091_1.mp4,150.92340225198976,757.5739237856593,345
3_091_1.mp4,104.06517377197926,834.1548117705729,350
3_091_1.mp4,58.59178836314285,898.5187811058821,355
3_091_1.mp4,2.218893086450066,1004.3729387035476,360
3_091_1.mp4,0.2086289875461986,48.8082984747471,365
3_091_1.mp4,3.162853726814608,46.76804464589043,370
3_091_1.mp4,2.449958081200838,48.56439024635232,375
3_091_1.mp4,4.1882236809618485,48.32442446630896,380
3_091_1.mp4,6.646049216592451,49.05609034564414,385
3_091_1.mp4,7.882471357681608,50.798622028555066,390
3_091_1.mp4,10.167673688125218,53.002358438092166,395
3_091_1.mp4,16.67318678535668,53.67727638395972,400
3_091_1.mp4,24.019085600435563,56.36488268416781,405
3_091_1.mp4,26.992474092902984,63.50787352761861,410
3_091_1.mp4,31.5755454851856,66.70832032063167,415
3_091_1.mp4,34.75492421035075,74.46475676452586,420
3_091_1.mp4,36.07259165935127,88.86506625215557,425
3_091_1.mp4,32.825355801117766,106.38843922156204,430
3_091_1.mp4,35.41523135790165,116.7839886285787,435
3_091_1.mp4,44.58390436415118,117.38824472663352,440
3_091_1.mp4,43.75443012741125,130.32363561534032,445
3_091_1.mp4,30.38761720400364,157.40711546813887,450
3_091_1.mp4,25.19878195902692,173.1025707492526,455
3_091_1.mp4,21.861535031792705,185.1944923587092,460
3_091_1.mp4,31.714760706986333,185.1944923587092,465
3_091_1.mp4,34.30485834504302,193.6620768245554,470
3_091_1.mp4,25.817614643269785,210.0011904728161,475
3_091_1.mp4,22.20694922261585,220.47732309695704,480
3_091_1.mp4,22.763291130489726,227.4313083108832,485
3_091_1.mp4,16.69542999023173,240.79919019797387,490
3_091_1.mp4,11.121053777639997,251.6987286420017,495
3_091_1.mp4,14.360382120078349,250.1619475459847,500
3_091_1.mp4,13.703882647403727,254.1107042216049,505
3_091_1.mp4,4.648700297794319,263.58015858558093,510
3_091_1.mp4,-0.0535372062809236,271.05580606214653,515
3_091_1.mp4,-3.738243423706032,274.5655659400865,520
3_091_1.mp4,-0.122250075488377,269.09106265351886,525
3_091_1.mp4,-1.4143433710119828,271.14940531006147,530
3_091_1.mp4,7.289819435353885,264.0800068161162,535
3_091_1.mp4,-1.2299727796460451,273.5370176045648,540
3_091_1.mp4,-0.4360618465162978,271.68409964515774,545
3_091_1.mp4,41.552607858861165,879.7870480974359,550
3_091_1.mp4,1.266732281124007,270.5374280945245,555
3_091_1.mp4,-4.852138485193401,276.5650917957652,560
3_091_1.mp4,-9.020402257547412,273.60281431301104,565
3_091_1.mp4,-12.40009405373756,269.86339136681727,570
3_091_1.mp4,-11.746601517137382,262.68802789621,575
3_091_1.mp4,-31.903371696169305,274.6861845816058,580
3_091_1.mp4,-43.22499069994922,272.29258161029657,585
3_091_1.mp4,38.288664425528296,594.6784845611954,595
2_078_1.mp4,0.0036694409261843,332.0730341355648,35
2_078_1.mp4,-0.3097258277620836,110.70794912742264,40
2_078_1.mp4,-0.9456077341763246,332.3988567970714,45
2_078_1.mp4,-1.4048565041705143,332.7258631366068,50
2_078_1.mp4,-0.5226555572617956,331.5965168695232,55
2_078_1.mp4,23.396214768690168,280.71204106699804,60
2_078_1.mp4,21.105667873278207,291.6869040598155,65
2_078_1.mp4,21.384774729542453,298.41246622753545,70
2_078_1.mp4,27.70530560046882,301.4402925953994,75
2_078_1.mp4,11.227213932959346,279.9450839003964,80
2_078_1.mp4,9.490200374863004,285.6068101428956,85
2_078_1.mp4,26.0607757489752,331.62704956019496,90
2_078_1.mp4,7.12054773106228,294.03103577683765,95
2_078_1.mp4,7.3533339317050945,294.30001698946603,100
2_078_1.mp4,16.011183893660906,66.53006839016476,105
2_078_1.mp4,-0.5035512716517587,302.1208367524491,110
2_078_1.mp4,-4.25944494536673,305.4840421364101,115
2_078_1.mp4,-7.140050941197062,307.6507760432273,120
2_078_1.mp4,21.42771328548784,395.1411140339613,125
2_078_1.mp4,27.056933788720887,99.02019995940222,130
2_078_1.mp4,2.5145679401166325,295.6691563217239,135
2_078_1.mp4,0.5857128462999981,297.5205875229477,140
2_078_1.mp4,-1.124848856594984,299.0037625181329,145
2_078_1.mp4,0.0009009233910757,299.5204500530807,150
2_078_1.mp4,4.271417527543325,297.54201384006257,155
2_078_1.mp4,4.80426801363125,299.015049788468,160
2_078_1.mp4,9.828324774251282,297.0711194310211,165
2_078_1.mp4,139.82989930036769,329.323928678133,170
2_078_1.mp4,135.3720703509967,677.0587123728636,175
2_078_1.mp4,5.109379190662708,309.53271232617726,180
2_078_1.mp4,52.9387904268699,487.4446122381496,185
2_078_1.mp4,3.899826702018004,315.56695010726327,190
2_078_1.mp4,-0.2935890996310003,470.3341896991968,195
2_078_1.mp4,1.7870012868887994,318.190194694934,200
2_078_1.mp4,3.294866158200169,316.72740645545656,205
2_078_1.mp4,-2.3732182426104163,322.84864875046327,210
2_078_1.mp4,-3.8770821272041593,323.87111634105315,215
2_078_1.mp4,0.1201048900235264,319.4010018769509,220
2_078_1.mp4,110.82653239674416,345.9168975346536,225
2_078_1.mp4,92.48002168286592,391.14479416195735,230
2_078_1.mp4,81.75959148769722,422.2144005123464,235
2_078_1.mp4,52.10474161639964,467.1833151986488,240
2_078_1.mp4,1.6171404195760115,320.00664055609843,245
2_078_1.mp4,0.2670698576698588,320.4781583821275,250
2_078_1.mp4,-1.1121945231606187,321.00506226537925,255
2_078_1.mp4,-2.416347623619256,321.53265775034424,260
2_078_1.mp4,-2.836994067377467,322.44844549167857,265
2_078_1.mp4,-3.3364360054193134,322.9477511920465,270
2_078_1.mp4,1.2920544791856352,318.4022612985027,275
2_078_1.mp4,5.319292928057621,316.45694809878955,280
2_078_1.mp4,8.597899180202985,316.01305352785664,285
2_078_1.mp4,7.731392562681362,320.50585018061685,290
2_078_1.mp4,8.755093589816243,321.4766710042892,295
2_078_1.mp4,12.663759959252207,322.50271316688173,300
2_078_1.mp4,9.190562182932483,327.7392256047481,305
2_078_1.mp4,6.1048629222409545,332.0195777360124,310
2_078_1.mp4,1.335492295862837,336.7083307552696,315
2_078_1.mp4,1.888741798067851,335.5879169457685,320
2_078_1.mp4,-7.381727532944751,345.80377383712863,325
2_078_1.mp4,-4.843593137474597,340.3248448174185,330
2_078_1.mp4,-3.0710837997924125,338.213320258088,335
2_078_1.mp4,2.2932873520038504,334.8342873721268,340
2_078_1.mp4,4.822260534606333,333.78623398816194,345
2_078_1.mp4,2.5611499910380724,337.9959319281816,350
2_078_1.mp4,9.140553241870814,331.6070716978153,355
2_078_1.mp4,6.344423359438825,334.77940498184773,360
2_078_1.mp4,-2.270857579781364,343.44504655039066,365
2_078_1.mp4,-3.209571750733468,344.32288625649034,370
2_078_1.mp4,-4.701284830354244,345.8746160099061,375
2_078_1.mp4,-1.939093762812604,342.6021745406763,380
2_078_1.mp4,4.06053486610328,338.4213350248474,385
2_078_1.mp4,5.110246352963064,336.77663220597714,390
2_078_1.mp4,2.155039696949075,339.8977787512004,395
2_078_1.mp4,2.347678784021111,342.32039086212785,400
2_078_1.mp4,4.523212276153133,342.31162703010835,405
2_078_1.mp4,-0.9018839346600852,348.8226626811968,410
2_078_1.mp4,4.823468349633791,341.53952919098543,415
2_078_1.mp4,3.81823016582663,339.73887031071376,420
2_078_1.mp4,-9.962240799611964,348.9717037239553,425
2_078_1.mp4,-19.407133562184782,353.2297411034354,430
2_078_1.mp4,-25.905428557708174,351.57147210773513,435
2_078_1.mp4,-27.58494595209754,344.7448331737548,440
2_078_1.mp4,-23.628523076094627,333.3215414580942,445
2_078_1.mp4,-16.10643552239956,320.6134744517142,450
2_088_1.mp4,0.2133205901286641,201.70337131540464,35
2_088_1.mp4,1.3263498178708062,200.2679455130052,40
2_088_1.mp4,0.4424469112212331,201.8148904318014,50
2_088_1.mp4,0.0098905248980827,202.75231194736105,55
2_088_1.mp4,1.9073488141764583,201.3758923009405,65
2_088_1.mp4,1.5229364603146311,201.8148904318014,70
2_088_1.mp4,1.3076264699285949,202.3690934900881,75
2_088_1.mp4,0.0144246350304959,203.8590199132724,80
2_088_1.mp4,-0.0016974085667251,203.8590199132724,85
2_088_1.mp4,0.6700252396112896,203.3051893090779,95
2_088_1.mp4,1.518791531794339,205.34909300992783,125
2_088_1.mp4,0.5552824673934538,206.8967133620058,130
2_088_1.mp4,-0.5588789025178309,207.9483108851813,135
2_088_1.mp4,1.302263439495578,205.9623752047932,145
2_088_1.mp4,0.0341327649742757,207.45180163112587,150
2_088_1.mp4,-0.3034094810698653,207.45180163112587,160
2_088_1.mp4,0.3915273121911419,206.51876428063383,165
2_088_1.mp4,-0.1989076532016359,206.40009689920203,190
2_088_1.mp4,0.1762823705774029,205.9623752047932,195
2_088_1.mp4,-0.3801067052632528,206.51876428063383,200
2_088_1.mp4,-0.3974859820933391,206.02245023297823,210
2_088_1.mp4,-0.2041552040637181,205.9623752047932,215
2_088_1.mp4,-1.691042663360061,205.526154053444,230
2_088_1.mp4,-3.1909143022323088,205.9623752047932,240
2_088_1.mp4,-1.5838009217529654,203.54115063052976,245
2_088_1.mp4,18.040491378525683,213.8018942853407,250
2_088_1.mp4,-1.1708301510842725,201.9313001988548,255
2_088_1.mp4,7.997488938939715,230.76232361457969,260
2_088_1.mp4,2.3611853867110955,237.3104506759026,265
2_088_1.mp4,-2.9809122283127545,200.8793170040161,270
2_088_1.mp4,-3.145065413531853,200.0062499023468,275
2_088_1.mp4,-3.4284707285328904,199.51002481078487,280
2_088_1.mp4,-0.3712500588217357,195.47889911701463,285
2_088_1.mp4,-2.905960801952241,198.4565443617317,290
2_088_1.mp4,-0.4247174831940218,195.47889911701463,295
2_088_1.mp4,-0.0526750164506698,194.548837056406,300
2_088_1.mp4,2.587623673846581,277.28189627164625,305
2_088_1.mp4,2.2983710960351607,278.33792411383683,310
2_088_1.mp4,5.18803286228801,275.8591125919171,315
2_088_1.mp4,0.5680121046648959,280.3212442894758,320
2_088_1.mp4,-4.156703858960051,283.7538545993693,325
2_088_1.mp4,3.118800567397216,195.0448666332954,330
2_088_1.mp4,8.018675937617028,193.55683919717225,335
2_088_1.mp4,8.56872144213206,193.99033481078385,340
2_088_1.mp4,6.548610744569767,197.52531483331447,345
2_088_1.mp4,4.225344382293855,200.93842340378805,350
2_088_1.mp4,-0.435751275840354,205.71400049583403,365
2_088_1.mp4,-0.9139210129815264,316.15818825391824,370
2_088_1.mp4,-0.2876473719754732,315.1749514158763,375
2_088_1.mp4,-0.6634935112980591,205.58757258161305,380
2_088_1.mp4,0.418174421042372,204.03737402740705,385
2_088_1.mp4,-0.742655180590195,205.65018842685265,390
2_088_1.mp4,-1.4945230393482885,206.6422028531442,395
2_088_1.mp4,0.9917355411431368,204.2265898456908,400
2_088_1.mp4,1.5713400105123096,312.1766326937364,405
2_088_1.mp4,2.2012422971537995,203.2350855536514,410
2_088_1.mp4,-0.9309904847207724,314.2292157008956,415
2_088_1.mp4,-0.8394235688324849,313.6929230951824,420
2_088_1.mp4,-2.954879757196572,315.15869018638847,425
2_088_1.mp4,-5.142595698593011,313.6594490845127,430
2_088_1.mp4,-7.118908090089958,205.9811884614709,435
2_088_1.mp4,-4.135326056247188,202.94087809014724,440
2_088_1.mp4,-15.799922042087571,428.2455487217584,455
2_088_1.mp4,5.064398471598565,912.0999122903148,460
2_088_1.mp4,1.4880026585230683,270.4597936847546,465
2_088_1.mp4,3.746384658628674,268.72383593570555,470
2_088_1.mp4,-2.2473059766075494,837.4558197302111,475
2_088_1.mp4,-41.53249519175857,943.814732879287,480
2_088_1.mp4,-25.227996807399386,1107.947877835415,485
2_088_1.mp4,-0.069537502169851,1078.8505457198416,490
2_088_1.mp4,-16.539090130548736,414.5509618852669,495
2_088_1.mp4,12.454361986910383,607.1089276233714,500
2_088_1.mp4,-1.1294010886034749,191.3439311815245,505
2_088_1.mp4,-0.2115983637892295,190.2846551879578,510
2_088_1.mp4,0.0882534915264159,734.3109014579587,515
2_088_1.mp4,-0.7618864831522713,132.90974381135493,520
2_088_1.mp4,-1.8096777039659333,707.110493487404,525
2_088_1.mp4,-2.01705225206987,630.8585419886141,530
2_088_1.mp4,-5.591726505381091,630.1239957341729,535
2_088_1.mp4,0.2302961478217672,747.6218964155611,540
2_088_1.mp4,1.983916435737724,189.6549498431296,545
2_088_1.mp4,-13.036356815249537,204.533615819014,550
2_088_1.mp4,-0.3546004690877972,617.0893371303705,555
2_088_1.mp4,3.4918132017893657,431.21137508187326,560
2_088_1.mp4,-0.4608993337795937,252.4529659164257,575
2_088_1.mp4,2.198727946343143,207.1985762499347,580
2_088_1.mp4,-0.0869011534558105,116.2163929916946,585
2_088_1.mp4,-1.4899676151764782,299.72070332227634,590
2_088_1.mp4,-12.902610384495448,116.53003904573276,595
2_088_1.mp4,0.5058209653173711,297.74191844616035,600
2_088_1.mp4,2.746997434096382,126.3932355784913,605
2_088_1.mp4,1.7371188641118511,127.88275880665071,610
2_088_1.mp4,0.478489580111776,297.7221859385021,615
2_088_1.mp4,-9.959756411480384,358.50034867486534,620
2_088_1.mp4,0.1255516726338937,130.4846734294875,625
2_088_1.mp4,1.0531062116689125,189.7215064245485,630
2_088_1.mp4,18.10649887729528,401.6307383654792,645
2_088_1.mp4,7.935428135819673,229.5021786388966,650
2_088_1.mp4,-0.7841556143836499,190.77997798511248,655
2_088_1.mp4,-0.5106637679135579,190.77997798511248,660
